gene_id,our_essential,orth_essential,growth_ratio,growth_drop
b1377,True,False,0.0,0.9823718127269792
b0241,True,False,0.0,0.9823718127269792
b0929,True,False,0.0,0.9823718127269792
b2215,True,False,0.0,0.9823718127269792
b0653,False,False,0.9999999999999939,5.995204332975845e-15
b0655,False,False,0.9999999999999939,5.995204332975845e-15
b0118,True,False,-3.6278627288558185e-16,0.9823718127269795
b1276,True,False,-3.6278627288558185e-16,0.9823718127269795
b4032,False,False,0.9999999999999939,5.995204332975845e-15
b3359,True,False,-1.2533566609403303e-16,0.9823718127269793
b3528,False,False,0.9999999999999939,5.995204332975845e-15
b4033,False,False,0.9999999999999939,5.995204332975845e-15
b4035,False,False,0.9999999999999939,5.995204332975845e-15
b4034,False,False,0.9999999999999939,5.995204332975845e-15
b4036,False,False,0.9999999999999939,5.995204332975845e-15
b4213,False,False,0.9999999999999939,5.995204332975845e-15
b4123,False,False,0.9999999999999939,5.995204332975845e-15
b2835,False,False,0.9999999999999939,5.995204332975845e-15
b4138,False,False,0.9999999999999939,5.995204332975845e-15
b4077,False,False,0.9999999999999939,5.995204332975845e-15
b3503,False,False,0.9999999999999939,5.995204332975845e-15
b1064,False,False,0.9999999999999939,5.995204332975845e-15
b1747,False,False,0.9999999999999939,5.995204332975845e-15
b1539,False,False,0.9999999999999939,5.995204332975845e-15
b1748,True,False,3.3056570478223894e-16,0.9823718127269788
b1090,False,False,0.9999999999999939,5.995204332975845e-15
b3475,False,False,0.9999999999999939,5.995204332975845e-15
b2836,False,False,0.9894793096847311,0.010335229616149855
b2563,False,False,0.9999999999999939,5.995204332975845e-15
b3553,False,False,0.9999999999999939,5.995204332975845e-15
b2578,False,False,0.9999999999999939,5.995204332975845e-15
b1533,False,False,0.9999999999999939,5.995204332975845e-15
b2019,True,False,3.430234994260398e-16,0.9823718127269788
b1134,False,False,0.9999999999999939,5.995204332975845e-15
b3735,False,False,0.40969956209703745,0.5798945112362629
b4067,False,False,0.9999999999999939,5.995204332975845e-15
b0446,False,False,0.9999999999999939,5.995204332975845e-15
b1623,False,False,0.9999999999999939,5.995204332975845e-15
b1096,True,False,-9.767508140065928e-16,0.9823718127269802
b3739,False,False,0.40969956209703745,0.5798945112362629
b3732,False,False,0.40969956209703745,0.5798945112362629
b3737,False,False,0.40969956209703745,0.5798945112362629
b3733,False,False,0.40969956209703745,0.5798945112362629
b3734,False,False,0.40969956209703745,0.5798945112362629
b3738,False,False,0.40969956209703745,0.5798945112362629
b1009,False,False,0.9999999999999939,5.995204332975845e-15
b1812,True,False,-9.767508140065928e-16,0.9823718127269802
b0180,True,False,-9.767508140095049e-16,0.9823718127269802
b3360,True,False,-9.767508140065928e-16,0.9823718127269802
b3731,False,False,0.40969956209703745,0.5798945112362629
b3736,False,False,0.40969956209703745,0.5798945112362629
b0954,False,False,0.9999999999999939,5.995204332975845e-15
b3665,False,False,0.9999999999999939,5.995204332975845e-15
b0347,False,False,0.9999999999999939,5.995204332975845e-15
b3654,False,False,0.9999999999999939,5.995204332975845e-15
b0312,False,False,0.9999999999999939,5.995204332975845e-15
b3580,False,False,0.9999999999999939,5.995204332975845e-15
b3714,False,False,0.9999999999999939,5.995204332975845e-15
b1093,True,False,2.649936775313211e-15,0.9823718127269766
b1095,True,False,-1.4282464173491063e-14,0.9823718127269931
b2323,True,False,-1.7713425895516843e-14,0.9823718127269966
b0474,True,False,1.359858091002109e-15,0.9823718127269778
b0120,False,False,0.9999999999999939,5.995204332975845e-15
b0827,True,False,-9.76750814009499e-16,0.9823718127269802
b1397,False,False,0.9999999999999939,5.995204332975845e-15
b3857,True,False,-9.767508140095049e-16,0.9823718127269802
b3856,True,False,-9.767508140095049e-16,0.9823718127269802
b4214,True,False,1.5433613944723503e-14,0.9823718127269639
b3806,False,False,0.9999999999999939,5.995204332975845e-15
b1245,False,False,0.9999999999999939,5.995204332975845e-15
b0030,False,True,0.9999999999999939,5.995204332975845e-15
b3551,False,False,0.9999999999999939,5.995204332975845e-15
b1246,False,False,0.9999999999999939,5.995204332975845e-15
b0775,True,False,-9.767508140095003e-16,0.9823718127269802
b1329,False,False,0.9999999999999939,5.995204332975845e-15
b0933,False,False,0.9999999999999939,5.995204332975845e-15
b2393,False,False,0.9999999999999939,5.995204332975845e-15
b1247,False,False,0.9999999999999939,5.995204332975845e-15
b1244,False,False,0.9999999999999939,5.995204332975845e-15
b1386,False,False,0.9999999999999939,5.995204332975845e-15
b0366,False,False,0.9999999999999939,5.995204332975845e-15
b0367,False,False,0.9999999999999939,5.995204332975845e-15
b0004,True,True,-1.0048389137472725e-16,0.9823718127269793
b0934,False,False,0.9999999999999939,5.995204332975845e-15
b0365,False,False,0.9999999999999939,5.995204332975845e-15
b0936,False,False,0.9999999999999939,5.995204332975845e-15
b1192,False,False,0.9999999999999939,5.995204332975845e-15
b1216,False,False,0.9999999999999939,5.995204332975845e-15
b1243,False,False,0.9999999999999939,5.995204332975845e-15
b4266,False,False,0.9999999999999939,5.995204332975845e-15
b4132,False,False,0.9999999999999939,5.995204332975845e-15
b4265,False,False,0.9999999999999939,5.995204332975845e-15
b0159,True,False,-9.76750814009499e-16,0.9823718127269802
b3942,False,False,0.9999999999999939,5.995204332975845e-15
b2708,True,False,-2.5688312941080604e-14,0.9823718127270044
b1732,False,False,0.9999999999999939,5.995204332975845e-15
b2964,False,False,0.9999999999999939,5.995204332975845e-15
b3197,True,False,-2.5688312941080604e-14,0.9823718127270044
b2406,False,False,0.9999999999999939,5.995204332975845e-15
b0411,False,False,0.9999999999999939,5.995204332975845e-15
b3196,True,False,5.467980419688944e-16,0.9823718127269786
b1094,True,False,3.127469636536588e-16,0.9823718127269788
b4481,False,False,0.9999999999999939,5.995204332975845e-15
b1270,False,False,0.9999999999999939,5.995204332975845e-15
b1927,False,False,0.9999999999999939,5.995204332975845e-15
b2874,False,False,0.9948291447623945,0.005079702433115285
b1992,False,False,0.9999999999999939,5.995204332975845e-15
b0158,False,False,0.9999999999999939,5.995204332975845e-15
b3571,False,False,0.9999999999999939,5.995204332975845e-15
b1709,False,False,0.9999999999999939,5.995204332975845e-15
b0323,False,False,0.9948291447623945,0.005079702433115285
b2901,False,False,0.9999999999999939,5.995204332975845e-15
b0521,False,False,0.9948291447623945,0.005079702433115285
b0032,False,True,0.9999999999999939,5.995204332975845e-15
b1711,False,False,0.9999999999999939,5.995204332975845e-15
b2662,False,False,0.9999999999999939,5.995204332975845e-15
b3966,False,False,0.9999999999999939,5.995204332975845e-15
b1252,False,False,0.9999999999999939,5.995204332975845e-15
b0033,False,True,0.9999999999999939,5.995204332975845e-15
b1302,False,False,0.9999999999999939,5.995204332975845e-15
b0444,False,False,0.9999999999999939,5.995204332975845e-15
b3006,False,False,0.9999999999999939,5.995204332975845e-15
b3005,False,False,0.9999999999999939,5.995204332975845e-15
b1444,False,False,0.9999999999999939,5.995204332975845e-15
b3397,False,False,0.9999999999999939,5.995204332975845e-15
b3469,False,False,0.9999999999999939,5.995204332975845e-15
b2663,False,False,0.9999999999999939,5.995204332975845e-15
b3915,False,False,0.9999999999999939,5.995204332975845e-15
b2221,False,False,0.9999999999999939,5.995204332975845e-15
b0752,False,False,0.9999999999999939,5.995204332975845e-15
b3034,False,False,0.9999999999999939,5.995204332975845e-15
b2222,False,False,0.9999999999999939,5.995204332975845e-15
b0469,False,False,0.9999999999999939,5.995204332975845e-15
b3040,True,False,-9.767508140095013e-16,0.9823718127269802
b2224,False,False,0.9894793096884912,0.010335229612456032
b2750,True,False,1.4909449628353192e-14,0.9823718127269645
b2342,False,False,0.989479309684731,0.010335229616149966
b1131,True,False,-3.811326726815683e-14,0.9823718127270166
b3918,False,False,0.9999999999999939,5.995204332975845e-15
b3845,False,False,0.989479309684731,0.010335229616149966
b2794,False,False,0.9999999999999939,5.995204332975845e-15
b2223,False,False,0.9999999999999939,5.995204332975845e-15
b1208,True,False,-9.76750814009499e-16,0.9823718127269802
b4177,True,False,-5.238693274460912e-14,0.9823718127270307
b0351,False,False,0.9999999999999939,5.995204332975845e-15
b0677,False,False,0.9999999999999939,5.995204332975845e-15
b1661,False,False,0.9999999999999939,5.995204332975845e-15
b1241,False,False,0.9999999999999939,5.995204332975845e-15
s0001,True,False,-2.4604002177638706e-16,0.9823718127269794
b2130,False,False,0.9999999999999939,5.995204332975845e-15
b2129,False,False,0.9999999999999939,5.995204332975845e-15
b2128,False,False,0.9999999999999939,5.995204332975845e-15
b2131,False,False,0.9999999999999939,5.995204332975845e-15
b0314,False,False,0.9999999999999939,5.995204332975845e-15
b1801,False,False,0.9999999999999939,5.995204332975845e-15
b0311,False,False,0.9999999999999939,5.995204332975845e-15
b2599,True,False,-7.033006728081701e-17,0.9823718127269793
b2600,True,False,-7.033006728081701e-17,0.9823718127269793
b2329,True,False,-4.745194437634489e-16,0.9823718127269796
b4039,True,False,-9.76750814009499e-16,0.9823718127269802
b2539,False,False,0.9999999999999939,5.995204332975845e-15
b2538,False,False,0.9999999999999939,5.995204332975845e-15
b2540,False,False,0.9999999999999939,5.995204332975845e-15
b2542,False,False,0.9999999999999939,5.995204332975845e-15
b0110,False,False,0.9999999999999939,5.995204332975845e-15
b4169,False,False,0.9999999999999939,5.995204332975845e-15
b2435,False,False,0.9999999999999939,5.995204332975845e-15
b2817,False,False,0.9999999999999939,5.995204332975845e-15
b1107,False,False,0.9999999999999939,5.995204332975845e-15
b0433,False,False,0.9999999999999939,5.995204332975845e-15
b3619,False,False,0.9999999999999939,5.995204332975845e-15
b2937,False,False,0.9999999999999939,5.995204332975845e-15
b3018,True,False,4.502687145950998e-16,0.9823718127269787
b3958,True,False,3.772860658243418e-17,0.9823718127269792
b0574,False,False,0.9999999999999939,5.995204332975845e-15
b0572,False,False,0.9999999999999939,5.995204332975845e-15
b0573,False,False,0.9999999999999939,5.995204332975845e-15
b1463,False,False,0.9999999999999939,5.995204332975845e-15
b0575,False,False,0.9999999999999939,5.995204332975845e-15
b4006,True,False,-3.267993086679149e-14,0.9823718127270112
b0614,False,False,0.9999999999999939,5.995204332975845e-15
b0616,False,False,0.9999999999999939,5.995204332975845e-15
b0522,True,False,-3.693421796907059e-14,0.9823718127270155
b1993,False,False,0.9999999999999939,5.995204332975845e-15
b0523,True,False,-3.811326726815694e-14,0.9823718127270166
b0617,False,False,0.9999999999999939,5.995204332975845e-15
b0185,True,False,1.769572345557342e-14,0.9823718127269617
b0615,False,False,0.9999999999999939,5.995204332975845e-15
b0612,False,False,0.9999999999999939,5.995204332975845e-15
b1249,False,False,0.9999999999999939,5.995204332975845e-15
b0727,False,False,0.9952670943572751,0.0046494730957094
b2316,True,False,1.769572345557342e-14,0.9823718127269617
b0726,False,False,0.9952670943572751,0.0046494730957094
b0116,False,False,0.9710693551179534,0.028420650056136587
b0789,False,False,0.9999999999999939,5.995204332975845e-15
b3256,True,False,1.769572345557342e-14,0.9823718127269617
b2587,False,False,0.9999999999999939,5.995204332975845e-15
b3255,True,False,1.769572345557342e-14,0.9823718127269617
b1488,False,False,0.9999999999999939,5.995204332975845e-15
b1592,True,False,-1.4890781754489127e-16,0.9823718127269793
b0155,True,False,-1.4890781754489127e-16,0.9823718127269793
b4069,False,False,0.9999999999999939,5.995204332975845e-15
b3035,False,False,0.9999999999999939,5.995204332975845e-15
b3542,False,False,0.9999999999999939,5.995204332975845e-15
b1119,False,False,0.9999999999999939,5.995204332975845e-15
b1487,False,False,0.9999999999999939,5.995204332975845e-15
b3541,False,False,0.9999999999999939,5.995204332975845e-15
b1485,False,False,0.9999999999999939,5.995204332975845e-15
b3543,False,False,0.9999999999999939,5.995204332975845e-15
b0463,False,False,0.9999999999999939,5.995204332975845e-15
b3784,False,False,0.9999999999999939,5.995204332975845e-15
b2470,False,False,0.9999999999999939,5.995204332975845e-15
b0462,False,False,0.9999999999999939,5.995204332975845e-15
b3816,True,False,-9.767508140094972e-16,0.9823718127269802
b1484,False,False,0.9999999999999939,5.995204332975845e-15
b1486,False,False,0.9999999999999939,5.995204332975845e-15
b3544,False,False,0.9999999999999939,5.995204332975845e-15
b1483,False,False,0.9999999999999939,5.995204332975845e-15
b3540,False,False,0.9999999999999939,5.995204332975845e-15
b2416,False,False,0.9894447962845623,0.01036913460763711
b0092,True,True,3.414948461816031e-16,0.9823718127269788
b0381,True,False,3.414948461816031e-16,0.9823718127269788
b1325,False,False,0.9999999999999939,5.995204332975845e-15
b4053,True,False,-3.501969683179666e-16,0.9823718127269795
b2174,False,False,0.9999999999999939,5.995204332975845e-15
b0914,True,False,2.9218277447089727e-16,0.9823718127269788
b1102,False,False,0.9999999999999939,5.995204332975845e-15
b2765,False,False,0.9999999999999939,5.995204332975845e-15
b1101,False,False,0.9894447962845623,0.01036913460763711
b0783,True,False,-9.767508140095003e-16,0.9823718127269802
b1190,True,False,-3.501969683179666e-16,0.9823718127269795
b2415,False,False,0.9894447962845623,0.01036913460763711
b0870,False,False,0.9999999999999939,5.995204332975845e-15
b2417,False,False,0.9894447962845623,0.01036913460763711
b2551,False,False,0.985736067615309,0.014012485113363948
b0781,True,False,-9.767508140095003e-16,0.9823718127269802
b2436,False,False,0.9999574551770107,4.179483488209179e-05
b0679,False,False,0.9999999999999939,5.995204332975845e-15
b3867,False,False,0.9999999999999939,5.995204332975845e-15
b2290,False,False,0.9999999999999939,5.995204332975845e-15
b3959,True,False,-5.013197641170437e-16,0.9823718127269796
b2379,False,False,0.9999999999999939,5.995204332975845e-15
b0038,False,True,0.9999999999999939,5.995204332975845e-15
b2818,True,False,-5.013197641170437e-16,0.9823718127269796
b0037,False,True,0.9999999999999939,5.995204332975845e-15
b2697,False,False,0.9999999999999939,5.995204332975845e-15
b3457,False,False,0.9999999999999939,5.995204332975845e-15
b0036,False,True,0.9999999999999939,5.995204332975845e-15
b2677,False,False,0.9999999999999939,5.995204332975845e-15
b3670,True,False,4.204991521442923e-15,0.982371812726975
b2678,False,False,0.9999999999999939,5.995204332975845e-15
b2679,False,False,0.9999999999999939,5.995204332975845e-15
b3460,False,False,0.9999999999999939,5.995204332975845e-15
b3456,False,False,0.9999999999999939,5.995204332975845e-15
b3455,False,False,0.9999999999999939,5.995204332975845e-15
b3454,False,False,0.9999999999999939,5.995204332975845e-15
b3671,True,False,4.204991521442923e-15,0.982371812726975
b4208,False,False,0.9993521106296918,0.0006364682551562861
b4111,False,False,0.9999999999999939,5.995204332975845e-15
b0040,False,True,0.9999999999999939,5.995204332975845e-15
b0078,True,True,4.204991521442923e-15,0.982371812726975
b0720,True,False,-3.7843891541684657e-16,0.9823718127269795
b0007,False,False,0.9999999999999939,5.995204332975845e-15
b0077,True,True,4.204991521442923e-15,0.982371812726975
b0337,False,False,0.9999999999999939,5.995204332975845e-15
b1849,False,False,0.9999999999999939,5.995204332975845e-15
b0336,False,False,0.9999999999999939,5.995204332975845e-15
b3846,False,False,0.9894793096847285,0.010335229616152408
b0356,False,False,0.9999999999999939,5.995204332975845e-15
b1478,False,False,0.9999999999999939,5.995204332975845e-15
b3115,False,False,0.9999999999999939,5.995204332975845e-15
b1385,False,False,0.9999999999999939,5.995204332975845e-15
b2296,False,False,0.9999999999999939,5.995204332975845e-15
b1300,False,False,0.9999999999999939,5.995204332975845e-15
b2428,False,False,0.9999999999999939,5.995204332975845e-15
b3588,False,False,0.9999999999999939,5.995204332975845e-15
b2780,True,False,-7.023979604837773e-16,0.9823718127269798
b3794,False,False,0.9999999999999939,5.995204332975845e-15
b4084,False,False,0.9999999999999939,5.995204332975845e-15
b1819,False,False,0.9894447962845623,0.01036913460763711
b1817,False,False,0.9894447962845623,0.01036913460763711
b4090,False,False,0.3404395779311741,0.6479335674307241
b0123,False,False,0.9999999999999939,5.995204332975845e-15
b0484,False,False,0.9999999999999939,5.995204332975845e-15
b1818,False,False,0.9894447962845623,0.01036913460763711
b0516,False,False,0.9999999999999939,5.995204332975845e-15
b2429,False,False,0.9999999999999939,5.995204332975845e-15
b3425,False,False,0.9999999999999939,5.995204332975845e-15
b3224,False,False,0.9999999999999939,5.995204332975845e-15
b1308,False,False,0.9999999999999939,5.995204332975845e-15
b0340,False,False,0.9999999999999939,5.995204332975845e-15
b0341,False,False,0.9999999999999939,5.995204332975845e-15
b0512,False,False,0.9999999999999939,5.995204332975845e-15
b0511,False,False,0.9999999999999939,5.995204332975845e-15
b4085,False,False,0.9999999999999939,5.995204332975845e-15
b4088,False,False,0.9999999999999939,5.995204332975845e-15
b4311,False,False,0.9999999999999939,5.995204332975845e-15
b4087,False,False,0.9999999999999939,5.995204332975845e-15
b4086,False,False,0.9999999999999939,5.995204332975845e-15
b1677,False,False,0.9999999999999939,5.995204332975845e-15
b1919,False,False,0.9999999999999939,5.995204332975845e-15
b3008,True,False,4.9542530582272964e-17,0.9823718127269792
b3225,False,False,0.9999999999999939,5.995204332975845e-15
b0221,False,False,0.9894793096825865,0.010335229618256725
b3708,False,False,0.9997053804669932,0.0002894259247047115
b2421,True,False,1.4692896439977e-14,0.9823718127269647
b0657,False,False,0.9999999999999939,5.995204332975845e-15
b3001,False,False,0.9999999999999939,5.995204332975845e-15
b1091,True,False,-9.76750814009499e-16,0.9823718127269802
b1781,False,False,0.9999999999999939,5.995204332975845e-15
b2414,True,False,1.4692896439977e-14,0.9823718127269647
b3957,True,False,-4.515342501904695e-17,0.9823718127269792
b2810,False,False,0.9999999999999939,5.995204332975845e-15
b3201,True,False,-4.596237137363913e-16,0.9823718127269796
b1622,True,False,4.9542530582272964e-17,0.9823718127269792
b0207,False,False,0.9999999999999939,5.995204332975845e-15
b4261,True,False,-4.596237137363913e-16,0.9823718127269796
b3012,False,False,0.9999999999999939,5.995204332975845e-15
b0526,False,False,0.9999999999999939,5.995204332975845e-15
b0886,False,False,0.9999999999999939,5.995204332975845e-15
b3945,False,False,0.9999999999999939,5.995204332975845e-15
b4262,True,False,-4.596237137363913e-16,0.9823718127269796
b0887,False,False,0.9999999999999939,5.995204332975845e-15
b3200,True,False,-4.596237137363913e-16,0.9823718127269796
b3091,False,False,0.9999999999999939,5.995204332975845e-15
b3199,True,False,-4.596237137363913e-16,0.9823718127269796
b1519,False,False,0.9999999999999939,5.995204332975845e-15
b3416,False,False,0.9999999999999939,5.995204332975845e-15
b3223,False,False,0.9999999999999939,5.995204332975845e-15
b0979,False,False,0.9999999999999939,5.995204332975845e-15
b0978,False,False,0.9999999999999939,5.995204332975845e-15
b1587,False,False,0.9999999999999939,5.995204332975845e-15
b0734,False,False,0.9999999999999939,5.995204332975845e-15
b0733,False,False,0.9999999999999939,5.995204332975845e-15
b0429,False,False,0.9096063234629719,0.08880019987873655
b3222,False,False,0.9999999999999939,5.995204332975845e-15
b0774,True,False,-9.76750814009498e-16,0.9823718127269802
b3833,False,False,0.9999999999999939,5.995204332975845e-15
b3994,True,False,-9.76750814009499e-16,0.9823718127269802
b0896,False,False,0.9999999999999939,5.995204332975845e-15
b1982,False,False,0.9999999999999939,5.995204332975845e-15
b0430,False,False,0.9096063234629719,0.08880019987873655
b0432,False,False,0.9096063234629719,0.08880019987873655
b0894,False,False,0.9999999999999939,5.995204332975845e-15
b0431,False,False,0.9096063234629719,0.08880019987873655
b2523,False,False,0.9999999999999939,5.995204332975845e-15
b1872,False,False,0.9999999999999939,5.995204332975845e-15
b0932,False,False,0.9999999999999939,5.995204332975845e-15
b2143,False,False,0.9999999999999939,5.995204332975845e-15
b1873,False,False,0.9999999999999939,5.995204332975845e-15
b2162,False,False,0.9999999999999939,5.995204332975845e-15
b0237,False,False,0.9999999999999939,5.995204332975845e-15
b0099,True,True,-9.767508140065928e-16,0.9823718127269802
b4260,False,False,0.9999999999999939,5.995204332975845e-15
b0651,False,False,0.9999999999999939,5.995204332975845e-15
b1865,True,False,-9.767508140065928e-16,0.9823718127269802
b2066,False,False,0.9999999999999939,5.995204332975845e-15
b1640,False,False,0.9999999999999939,5.995204332975845e-15
b1263,True,False,2.8916213071888373e-16,0.9823718127269788
b3575,False,False,0.9999999999999939,5.995204332975845e-15
b1264,True,False,2.8916213071888373e-16,0.9823718127269788
b0776,True,False,-9.767508140095003e-16,0.9823718127269802
b0910,True,False,5.790840460693968e-16,0.9823718127269786
b3603,False,False,0.9999999999999939,5.995204332975845e-15
b0103,True,False,6.410563285839797e-12,0.9823718127206816
b2975,False,False,0.9999999999999939,5.995204332975845e-15
b0049,False,True,0.9999999999999939,5.995204332975845e-15
b4129,False,False,0.9999999999999939,5.995204332975845e-15
b3774,True,False,4.0890032905613055e-15,0.9823718127269752
b0121,False,False,0.9999999999999939,5.995204332975845e-15
b3059,False,False,0.9999999999999939,5.995204332975845e-15
b1189,False,False,0.9999999999999939,5.995204332975845e-15
b4042,False,False,0.9999999999999939,5.995204332975845e-15
b2871,False,False,0.9999999999999939,5.995204332975845e-15
b0425,True,False,6.452646041469736e-12,0.9823718127206402
b2838,True,False,5.016296195729351e-16,0.9823718127269787
b0968,False,False,0.9999999999999939,5.995204332975845e-15
b4381,False,False,0.9999999999999939,5.995204332975845e-15
b0414,True,False,-9.76750814009499e-16,0.9823718127269802
b0062,False,True,0.9999999999999939,5.995204332975845e-15
b3809,True,False,-1.2533566609403303e-16,0.9823718127269793
b1185,False,False,0.9999999999999939,5.995204332975845e-15
b0175,True,False,4.1247842444411066e-16,0.9823718127269787
b3041,True,False,-9.76750814009499e-16,0.9823718127269802
b0778,True,False,-9.76750814009498e-16,0.9823718127269802
b0152,False,False,0.9999999999999939,5.995204332975845e-15
b0153,False,False,0.9999999999999939,5.995204332975845e-15
b0151,False,False,0.9999999999999939,5.995204332975845e-15
b3860,False,False,0.9999999999999939,5.995204332975845e-15
b2893,False,False,0.9999999999999939,5.995204332975845e-15
b3722,False,False,0.9999999999999939,5.995204332975845e-15
b1734,False,False,0.9999999999999939,5.995204332975845e-15
b2582,False,False,0.9999999999999936,6.328271240363392e-15
b2065,False,False,0.9999999999999939,5.995204332975845e-15
b2344,False,False,0.9999999999999939,5.995204332975845e-15
b2715,False,False,0.9999999999999939,5.995204332975845e-15
b3781,False,False,0.9999999999999936,6.328271240363392e-15
b1900,False,False,0.9999999999999939,5.995204332975845e-15
b4136,False,False,0.9999999999999939,5.995204332975845e-15
b4460,False,False,0.9999999999999939,5.995204332975845e-15
b3693,False,False,0.9999999999999939,5.995204332975845e-15
b3909,False,False,0.9999999999999939,5.995204332975845e-15
b0604,False,False,0.9999999999999939,5.995204332975845e-15
b3526,False,False,0.9999999999999939,5.995204332975845e-15
b2601,True,False,4.3051514667345953e-16,0.9823718127269787
b1901,False,False,0.9999999999999939,5.995204332975845e-15
b2841,False,False,0.9999999999999939,5.995204332975845e-15
b4122,False,False,0.9189043812472412,0.07966604999836369
b0754,True,False,4.3051514667345953e-16,0.9823718127269787
b1528,False,False,0.9999999999999939,5.995204332975845e-15
b1098,True,False,5.872350454103037e-16,0.9823718127269786
b1704,True,False,4.3051514667345953e-16,0.9823718127269787
b2147,False,False,0.9999999999999939,5.995204332975845e-15
b4477,False,False,0.9999999999999939,5.995204332975845e-15
b4115,False,False,0.9999999999999939,5.995204332975845e-15
b2146,False,False,0.9999999999999939,5.995204332975845e-15
b4117,False,False,0.9999999999999939,5.995204332975845e-15
b3648,True,False,5.186708855479708e-16,0.9823718127269786
b1238,False,False,0.9999999999999939,5.995204332975845e-15
b1393,False,False,0.9999999999999939,5.995204332975845e-15
b2938,False,False,0.9999999999999939,5.995204332975845e-15
b1605,False,False,0.9999999999999939,5.995204332975845e-15
b4382,False,False,0.9999999999999939,5.995204332975845e-15
b3960,True,False,-3.1545202214464865e-17,0.9823718127269792
b3771,True,False,4.0890032905613055e-15,0.9823718127269752
b4384,False,False,0.9999999999999939,5.995204332975845e-15
b1199,False,False,0.9999999999999939,5.995204332975845e-15
b3172,True,False,-1.5094487323040846e-16,0.9823718127269793
b3640,False,False,0.9998914842664789,0.00010660279784857618
b1876,False,False,0.9999999999999939,5.995204332975845e-15
b1200,False,False,0.9999999999999939,5.995204332975845e-15
b1198,False,False,0.9999999999999939,5.995204332975845e-15
b2251,False,False,0.9998914842664789,0.00010660279784857618
b0596,False,False,0.9999999999999939,5.995204332975845e-15
b0594,False,False,0.9999999999999939,5.995204332975845e-15
b2541,False,False,0.9999999999999939,5.995204332975845e-15
b2306,False,False,0.9999999999999939,5.995204332975845e-15
b2308,False,False,0.9999999999999939,5.995204332975845e-15
b0173,True,False,4.773915197200897e-16,0.9823718127269787
b0861,False,False,0.9999999999999939,5.995204332975845e-15
b0348,False,False,0.9999999999999939,5.995204332975845e-15
b0420,True,False,-9.767508140094997e-16,0.9823718127269802
b0031,True,True,3.025793794164863e-16,0.9823718127269788
b2307,False,False,0.9999999999999939,5.995204332975845e-15
b2310,False,False,0.9999999999999939,5.995204332975845e-15
b3564,False,False,0.9999999999999939,5.995204332975845e-15
b0864,False,False,0.9999999999999939,5.995204332975845e-15
b0860,False,False,0.9999999999999939,5.995204332975845e-15
b0862,False,False,0.9999999999999939,5.995204332975845e-15
b0863,False,False,0.9999999999999939,5.995204332975845e-15
b2478,True,False,-1.8248904577198996e-16,0.9823718127269794
b1606,True,False,-6.270415466687109e-16,0.9823718127269798
b1779,True,False,-1.6094331681331258e-16,0.9823718127269793
b0048,True,True,-6.270415466687109e-16,0.9823718127269798
b2923,False,False,0.9999999999999939,5.995204332975845e-15
b2927,True,False,-9.767508140095007e-16,0.9823718127269802
b2315,True,False,-9.767508140065928e-16,0.9823718127269802
b1288,True,False,-9.767508140095003e-16,0.9823718127269802
b3930,False,False,0.9999999999999939,5.995204332975845e-15
b3433,True,False,-5.366243566919536e-17,0.9823718127269792
b4192,False,False,0.9999999999999939,5.995204332975845e-15
b3622,False,False,0.9999999999999939,5.995204332975845e-15
b4195,False,False,0.9999999999999939,5.995204332975845e-15
b4193,False,False,0.9999999999999939,5.995204332975845e-15
b2262,False,False,0.9999999999999939,5.995204332975845e-15
b0736,False,False,0.9999999999999939,5.995204332975845e-15
b4194,False,False,0.9999999999999939,5.995204332975845e-15
b3793,False,False,0.9999999999999939,5.995204332975845e-15
b3785,False,False,0.9999999999999939,5.995204332975845e-15
b3058,True,False,-9.76750814006592e-16,0.9823718127269802
b3792,False,False,0.9999999999999939,5.995204332975845e-15
b0945,False,False,0.9999999999999939,5.995204332975845e-15
b1767,False,False,0.9999999999999939,5.995204332975845e-15
b0828,False,False,0.9999999999999939,5.995204332975845e-15
b2341,False,False,0.989479309684731,0.010335229616149966
b1850,False,False,0.9999999999999939,5.995204332975845e-15
b2957,False,False,0.9999999999999939,5.995204332975845e-15
b1062,True,False,-1.226750239881278e-15,0.9823718127269804
b1851,False,False,0.9999999999999939,5.995204332975845e-15
b3177,True,False,-9.76750814006592e-16,0.9823718127269802
b0674,False,False,0.9999999999999939,5.995204332975845e-15
b1054,False,False,0.9999999999999939,5.995204332975845e-15
b3744,False,False,0.999001185929846,0.0009812067886744158
b0930,False,False,0.9999999999999939,5.995204332975845e-15
b0578,False,False,0.9999999999999939,5.995204332975845e-15
b2303,False,False,0.9999999999999939,5.995204332975845e-15
b1855,False,False,0.9999999999999939,5.995204332975845e-15
b3389,True,False,-1.634013679401828e-17,0.9823718127269792
b1453,False,False,0.9999999999999939,5.995204332975845e-15
b3502,False,False,0.9999999999999939,5.995204332975845e-15
b2378,False,False,0.9999999999999939,5.995204332975845e-15
b0131,True,False,6.445649804092506e-12,0.9823718127206471
b1693,True,False,-6.667602501356091e-16,0.9823718127269798
b0421,True,False,-9.767508140095003e-16,0.9823718127269802
b2779,False,False,0.9211768578905317,0.07743363299891459
b0029,True,False,-9.155702967447079e-17,0.9823718127269793
b2232,False,False,0.9999999999999939,5.995204332975845e-15
b4244,True,False,-1.2182145478319133e-15,0.9823718127269804
b4245,True,False,-1.2182145478319133e-15,0.9823718127269804
b0583,False,False,0.9999999999999939,5.995204332975845e-15
b4024,True,False,4.2508819523748436e-16,0.9823718127269787
b1590,False,False,0.9999999999999939,5.995204332975845e-15
b1588,False,False,0.9999999999999939,5.995204332975845e-15
b1589,False,False,0.9999999999999939,5.995204332975845e-15
b0585,False,False,0.9999999999999939,5.995204332975845e-15
b0895,False,False,0.9999999999999939,5.995204332975845e-15
b0002,True,True,0.0,0.9823718127269792
b2441,False,False,0.9999999999999939,5.995204332975845e-15
b3940,True,False,0.0,0.9823718127269792
b2440,False,False,0.9999999999999939,5.995204332975845e-15
b2574,True,False,-2.0888968903270317e-13,0.9823718127271843
b2500,False,False,0.9984365869247251,0.0015358529367988094
b0825,False,False,0.9999999999999939,5.995204332975845e-15
b1415,True,False,-9.767508140065928e-16,0.9823718127269802
b4139,False,False,0.9999999999999939,5.995204332975845e-15
b0928,True,False,-1.0351669760966371e-14,0.9823718127269894
b3946,False,False,0.9999999999999939,5.995204332975845e-15
b1866,False,False,0.9999999999999939,5.995204332975845e-15
b0652,False,False,0.9999999999999939,5.995204332975845e-15
b0822,False,False,0.9999999999999939,5.995204332975845e-15
b0654,False,False,0.9999999999999939,5.995204332975845e-15
b2052,False,False,0.9999999999999939,5.995204332975845e-15
b2784,False,False,0.9999999999999939,5.995204332975845e-15
b3666,False,False,0.9999999999999939,5.995204332975845e-15
b3650,False,False,0.9999999999999939,5.995204332975845e-15
b0404,False,False,0.9999999999999939,5.995204332975845e-15
b2051,False,False,0.9999999999999939,5.995204332975845e-15
b3747,False,False,0.999393173714287,0.0005961290383061923
b0452,False,False,0.9894793096847401,0.010335229616141084
b0842,False,False,0.9999999999999939,5.995204332975845e-15
b2467,False,False,0.9999999999999939,5.995204332975845e-15
b3729,True,False,1.1137006465979368e-15,0.982371812726978
b1298,False,False,0.9999999999999939,5.995204332975845e-15
b1805,False,False,0.9999999999999939,5.995204332975845e-15
b1301,False,False,0.9999999999999939,5.995204332975845e-15
b1297,True,False,1.5800433606375127e-15,0.9823718127269776
b1701,False,False,0.9999999999999939,5.995204332975845e-15
b3882,False,False,0.9999999999999939,5.995204332975845e-15
b0047,False,True,0.9999999999999939,5.995204332975845e-15
b3844,False,False,0.9977385469966147,0.0022215876863325157
b3350,False,False,0.9999999999999939,5.995204332975845e-15
b3432,False,False,0.9999999999999939,5.995204332975845e-15
b2763,True,False,1.4873606627283106e-14,0.9823718127269645
b0459,False,False,0.9999999999999939,5.995204332975845e-15
b0308,False,False,0.9999999999999939,5.995204332975845e-15
b0306,False,False,0.9999999999999939,5.995204332975845e-15
b0307,False,False,0.9999999999999939,5.995204332975845e-15
b2764,True,False,1.4873606627283106e-14,0.9823718127269645
b3605,False,False,0.9999999999999939,5.995204332975845e-15
b0837,False,False,0.9999999999999939,5.995204332975845e-15
b0124,False,False,0.9999999999999939,5.995204332975845e-15
b2925,False,False,0.9927500006213711,0.007122195031853185
b3415,False,False,0.9999999999999939,5.995204332975845e-15
b2257,False,False,0.9999999999999939,5.995204332975845e-15
b1773,False,False,0.9999999999999947,5.218048215738236e-15
b0344,False,False,0.9999999999999939,5.995204332975845e-15
b2132,False,False,0.9999999999999939,5.995204332975845e-15
b4476,False,False,0.9999999999999939,5.995204332975845e-15
b3428,False,False,0.9999999999999939,5.995204332975845e-15
b1326,False,False,0.9999999999999939,5.995204332975845e-15
b2097,False,False,0.9999999999999947,5.218048215738236e-15
b4130,False,False,0.9999999999999939,5.995204332975845e-15
b3417,False,False,0.9999999999999939,5.995204332975845e-15
b3925,False,False,0.9999999999999939,5.995204332975845e-15
b3126,False,False,0.9999999999999939,5.995204332975845e-15
b2787,False,False,0.9999999999999939,5.995204332975845e-15
b3496,False,False,0.9999999999999939,5.995204332975845e-15
b4232,False,False,0.9999999999999939,5.995204332975845e-15
b1634,False,False,0.9999999999999939,5.995204332975845e-15
b2788,False,False,0.9999999999999939,5.995204332975845e-15
b3429,False,False,0.9999999999999939,5.995204332975845e-15
b2930,False,False,0.9999999999999939,5.995204332975845e-15
b3631,False,False,0.9999999999999939,5.995204332975845e-15
b3627,False,False,0.9999999999999939,5.995204332975845e-15
b3626,False,False,0.9999999999999939,5.995204332975845e-15
b0709,False,False,0.9999999999999939,5.995204332975845e-15
b2799,False,False,0.9999999999999939,5.995204332975845e-15
b2802,False,False,0.9999999999999939,5.995204332975845e-15
b0070,False,True,0.9999999999999939,5.995204332975845e-15
b1621,False,False,0.9894447962845623,0.01036913460763711
b3431,False,False,0.9999999999999939,5.995204332975845e-15
b3430,False,False,0.9999999999999939,5.995204332975845e-15
b2803,False,False,0.9999999999999939,5.995204332975845e-15
b2170,False,False,0.9999999999999939,5.995204332975845e-15
b2800,False,False,0.9999999999999939,5.995204332975845e-15
b3870,True,False,1.5800433606375127e-15,0.9823718127269776
b2738,False,False,0.9999999999999939,5.995204332975845e-15
b0680,False,False,0.9999999999999939,5.995204332975845e-15
b0343,False,False,0.9999999999999939,5.995204332975845e-15
b0475,True,False,-9.767508140095003e-16,0.9823718127269802
b1380,False,False,0.9999999999999939,5.995204332975845e-15
b2133,False,False,0.9999999999999939,5.995204332975845e-15
b0810,False,False,0.9999999999999939,5.995204332975845e-15
b3892,False,False,0.9999999999999939,5.995204332975845e-15
b0809,False,False,0.9999999999999939,5.995204332975845e-15
b4054,True,False,-4.3622504703173113e-16,0.9823718127269796
b0642,False,False,0.9999999999999939,5.995204332975845e-15
b1475,False,False,0.9999999999999939,5.995204332975845e-15
b3458,False,False,0.9999999999999939,5.995204332975845e-15
b0811,False,False,0.9999999999999939,5.995204332975845e-15
b1474,False,False,0.9999999999999939,5.995204332975845e-15
b3894,False,False,0.9999999999999939,5.995204332975845e-15
b2091,False,False,0.9999999999999939,5.995204332975845e-15
b1651,False,False,0.9999999999999939,5.995204332975845e-15
b1476,False,False,0.9999999999999939,5.995204332975845e-15
b3893,False,False,0.9999999999999939,5.995204332975845e-15
b0242,False,False,0.999083980241246,0.0008998719909009134
b0935,False,False,0.9999999999999939,5.995204332975845e-15
b0622,False,False,0.9999999999999939,5.995204332975845e-15
b3409,False,False,0.9999999999999939,5.995204332975845e-15
b4386,False,False,0.9999999999999939,5.995204332975845e-15
b1492,False,False,0.9999999999999939,5.995204332975845e-15
b2688,False,False,0.9999999999999939,5.995204332975845e-15
b0630,False,False,0.9999999999999939,5.995204332975845e-15
b2392,False,False,0.9999999999999939,5.995204332975845e-15
b0628,False,False,0.9999999999999939,5.995204332975845e-15
b1493,False,False,0.9999999999999939,5.995204332975845e-15
b4289,False,False,0.9999999999999939,5.995204332975845e-15
b3517,False,False,0.9999999999999939,5.995204332975845e-15
b0182,True,False,-1.712554196072001e-14,0.982371812726996
b4288,False,False,0.9999999999999939,5.995204332975845e-15
b0494,False,False,0.9999999999999939,5.995204332975845e-15
b1761,False,False,0.9657982798397772,0.033598805832179
b1524,False,False,0.9999999999999939,5.995204332975845e-15
b4287,False,False,0.9999999999999939,5.995204332975845e-15
b0485,False,False,0.9999999999999939,5.995204332975845e-15
b2312,True,False,-3.874255858124819e-14,0.9823718127270172
b3825,False,False,0.9999999999999939,5.995204332975845e-15
b4131,False,False,0.9999999999999939,5.995204332975845e-15
b4290,False,False,0.9999999999999939,5.995204332975845e-15
b0186,False,False,0.9999999999999939,5.995204332975845e-15
b3967,True,False,1.0688339775212517e-16,0.982371812726979
b4291,False,False,0.9999999999999939,5.995204332975845e-15
b0589,False,False,0.9999999999999939,5.995204332975845e-15
b3213,False,False,0.9999999999999939,5.995204332975845e-15
b2890,False,False,0.9999999999999939,5.995204332975845e-15
b3212,False,False,0.9999999999999939,5.995204332975845e-15
b0588,False,False,0.9999999999999939,5.995204332975845e-15
b1210,True,False,0.0,0.9823718127269792
b2156,False,False,0.9999999999999939,5.995204332975845e-15
b0590,False,False,0.9999999999999939,5.995204332975845e-15
b2400,True,False,-9.76750814009499e-16,0.9823718127269802
b0592,False,False,0.9999999999999939,5.995204332975845e-15
b3903,False,False,0.9999999999999939,5.995204332975845e-15
b2155,False,False,0.9999999999999939,5.995204332975845e-15
b3907,False,False,0.9999999999999939,5.995204332975845e-15
b3653,False,False,0.9999999999999939,5.995204332975845e-15
b0507,False,False,0.9999999999999939,5.995204332975845e-15
b3927,False,False,0.9999999999999939,5.995204332975845e-15
b0805,False,False,0.9999999999999939,5.995204332975845e-15
b3617,False,False,0.9999999999999939,5.995204332975845e-15
b3600,False,False,0.9999999999999939,5.995204332975845e-15
b0777,True,False,-9.767508140095003e-16,0.9823718127269802
b1800,False,False,0.9999999999999939,5.995204332975845e-15
b0150,False,False,0.9999999999999939,5.995204332975845e-15
b2976,False,False,0.9999979189190096,2.044395305045299e-06
b2240,False,False,0.9999999999999939,5.995204332975845e-15
b0514,False,False,0.9999999999999939,5.995204332975845e-15
b0584,False,False,0.9999999999999939,5.995204332975845e-15
b3124,False,False,0.9999999999999939,5.995204332975845e-15
b0591,False,False,0.9999999999999939,5.995204332975845e-15
b4014,False,False,0.9999979189190096,2.044395305045299e-06
b4367,False,False,0.9999999999999939,5.995204332975845e-15
b2049,False,False,0.9999999999999939,5.995204332975845e-15
b2903,False,False,0.9998301684244525,0.00016683775272885448
b2904,False,False,0.9998301684244525,0.00016683775272885448
b2905,False,False,0.9998301684244525,0.00016683775272885448
b4209,False,False,0.9999878558170243,1.1930103043900075e-05
b2490,False,False,0.9999999999999939,5.995204332975845e-15
b1033,False,False,0.9999999999999939,5.995204332975845e-15
b1613,False,False,0.9999999999999939,5.995204332975845e-15
b4323,False,False,0.9999999999999939,5.995204332975845e-15
b2979,False,False,0.9999847389405818,1.4992034604754956e-05
b2481,False,False,0.9999999999999939,5.995204332975845e-15
b4467,False,False,0.9999847389405818,1.4992034604754956e-05
b0731,False,False,0.9999999999999939,5.995204332975845e-15
b2485,False,False,0.9999999999999939,5.995204332975845e-15
b0732,False,False,0.9999999999999939,5.995204332975845e-15
b0334,False,False,0.9999999999999939,5.995204332975845e-15
b4468,False,False,0.9999847389405818,1.4992034604754956e-05
b3926,False,False,0.9999999999999939,5.995204332975845e-15
b2720,False,False,0.9999999999999939,5.995204332975845e-15
b0212,False,False,0.9999999999999939,5.995204332975845e-15
b3560,False,False,0.9999999999999939,5.995204332975845e-15
b0331,False,False,0.9999999999999939,5.995204332975845e-15
b0333,False,False,0.9999999999999939,5.995204332975845e-15
b1092,True,False,-2.864020600926508e-15,0.9823718127269819
b3559,False,False,0.9999999999999939,5.995204332975845e-15
b2721,False,False,0.9999999999999939,5.995204332975845e-15
b2053,False,False,0.9999999999999939,5.995204332975845e-15
b2521,False,False,0.9999999999999939,5.995204332975845e-15
b2723,False,False,0.9999999999999939,5.995204332975845e-15
b0635,True,False,5.087270658084509e-16,0.9823718127269786
b2484,False,False,0.9999999999999939,5.995204332975845e-15
b3396,True,False,3.3218927503004043e-16,0.9823718127269788
b3052,False,False,0.9999999999999939,5.995204332975845e-15
b2488,False,False,0.9999999999999939,5.995204332975845e-15
b0200,False,False,0.9999999999999939,5.995204332975845e-15
b2487,False,False,0.9999999999999939,5.995204332975845e-15
b0104,False,False,0.9999999999999939,5.995204332975845e-15
b0084,True,True,5.087270658084509e-16,0.9823718127269786
b2724,False,False,0.9999999999999939,5.995204332975845e-15
b2486,False,False,0.9999999999999939,5.995204332975845e-15
b4079,False,False,0.9999999999999939,5.995204332975845e-15
b0149,True,False,3.3218927503004043e-16,0.9823718127269788
b0632,False,False,0.9999999999999939,5.995204332975845e-15
b0839,False,False,0.9999999999999939,5.995204332975845e-15
b2507,True,False,2.8474682777487663e-16,0.9823718127269788
b2029,False,False,0.9930166267335329,0.006860269054728474
b2722,False,False,0.9999999999999939,5.995204332975845e-15
b4268,False,False,0.9999999999999939,5.995204332975845e-15
b3182,False,False,0.9999999999999939,5.995204332975845e-15
b2483,False,False,0.9999999999999939,5.995204332975845e-15
b3437,False,False,0.9999999999999939,5.995204332975845e-15
b2489,False,False,0.9999999999999939,5.995204332975845e-15
b2482,False,False,0.9999999999999939,5.995204332975845e-15
b2010,False,False,0.9999999999999939,5.995204332975845e-15
b2719,False,False,0.9999999999999939,5.995204332975845e-15
b2134,False,False,0.9999999999999939,5.995204332975845e-15
b3449,False,False,0.9999999999999939,5.995204332975845e-15
b3924,False,False,0.9998897198258849,0.0001083361345532996
b2239,False,False,0.9999999999999939,5.995204332975845e-15
b2328,False,False,0.9999999999999939,5.995204332975845e-15
b2895,True,False,-2.4476585629080875e-15,0.9823718127269816
b3236,False,False,0.9837361395472697,0.01597715807488731
b1654,False,False,0.9999999999999939,5.995204332975845e-15
b0684,True,False,-2.4476585629080875e-15,0.9823718127269816
b0849,False,False,0.9999999999999939,5.995204332975845e-15
b2210,False,False,0.9999999999999939,5.995204332975845e-15
b1479,False,False,0.9999999999999939,5.995204332975845e-15
b3288,False,False,0.9999999999999939,5.995204332975845e-15
b2463,False,False,0.9999999999999939,5.995204332975845e-15
b3610,False,False,0.9999999999999939,5.995204332975845e-15
b0477,False,False,0.9999999999999939,5.995204332975845e-15
b0025,True,True,-9.767508140095003e-16,0.9823718127269802
b2988,False,False,0.9999999999999939,5.995204332975845e-15
b2515,True,False,-9.76750814009499e-16,0.9823718127269802
b0937,False,False,0.9999999999999939,5.995204332975845e-15
b2746,True,False,-9.767508140095007e-16,0.9823718127269802
b4120,False,False,0.9999999999999939,5.995204332975845e-15
b2747,True,False,-9.76750814009499e-16,0.9823718127269802
b3500,False,False,0.9999999999999939,5.995204332975845e-15
b1710,False,False,0.9999999999999939,5.995204332975845e-15
b2912,False,False,0.9999999999999939,5.995204332975845e-15
b3447,False,False,0.9999999999999939,5.995204332975845e-15
b0829,False,False,0.9999999999999939,5.995204332975845e-15
b0830,False,False,0.9999999999999939,5.995204332975845e-15
b0831,False,False,0.9999999999999939,5.995204332975845e-15
b2942,True,False,-9.76750814009499e-16,0.9823718127269802
b0199,False,False,0.9999999999999939,5.995204332975845e-15
b0198,False,False,0.9999999999999939,5.995204332975845e-15
b0197,False,False,0.9999999999999939,5.995204332975845e-15
b4019,True,False,-4.591587724291881e-17,0.9823718127269792
b3829,True,False,-4.591587724291881e-17,0.9823718127269792
b2374,False,False,0.9999999999999939,5.995204332975845e-15
b4219,False,False,0.9999999999999939,5.995204332975845e-15
b1778,False,False,0.9999999999999939,5.995204332975845e-15
b0832,False,False,0.9999999999999939,5.995204332975845e-15
b2947,False,False,0.9999999999999939,5.995204332975845e-15
b2492,False,False,0.9999999999999939,5.995204332975845e-15
b2153,True,False,-9.767508140065928e-16,0.9823718127269802
b0904,False,False,0.9999999999999939,5.995204332975845e-15
b2114,False,False,0.9999999999999939,5.995204332975845e-15
b1277,True,False,-9.76750814009499e-16,0.9823718127269802
b4154,False,False,0.9999999999999939,5.995204332975845e-15
b3779,False,False,0.9999999999999939,5.995204332975845e-15
b4242,False,False,0.9999999999999939,5.995204332975845e-15
b0963,False,False,0.9999999999999939,5.995204332975845e-15
b0403,False,False,0.9999999999999939,5.995204332975845e-15
b4153,False,False,0.9999999999999939,5.995204332975845e-15
b1193,False,False,0.9999999999999939,5.995204332975845e-15
b2883,False,False,0.9999999999999939,5.995204332975845e-15
b4152,False,False,0.9999999999999939,5.995204332975845e-15
b0125,False,False,0.9999999999999939,5.995204332975845e-15
b4151,False,False,0.9999999999999939,5.995204332975845e-15
b0238,False,False,0.9999999999999939,5.995204332975845e-15
b2558,False,False,0.9999999999999939,5.995204332975845e-15
b2168,False,False,0.9999999999999939,5.995204332975845e-15
b2813,False,False,0.9999999999999939,5.995204332975845e-15
b3092,False,False,0.9999999999999939,5.995204332975845e-15
b3371,False,False,0.9999999999999939,5.995204332975845e-15
b3875,False,False,0.5057814001132105,0.48550642185417503
b4392,False,False,0.9999999999999939,5.995204332975845e-15
b2701,False,False,0.9999999999999939,5.995204332975845e-15
b2963,False,False,0.9999999999999939,5.995204332975845e-15
b4474,False,False,0.9999999999999939,5.995204332975845e-15
b0957,False,False,0.5057814001132105,0.48550642185417503
b3374,False,False,0.9999999999999939,5.995204332975845e-15
b2919,False,False,0.9999999999999939,5.995204332975845e-15
b3370,False,False,0.9999999999999939,5.995204332975845e-15
b1319,False,False,0.5057814001132105,0.48550642185417503
b4321,False,False,0.9999999999999939,5.995204332975845e-15
b0875,False,False,0.505781400110454,0.4855064218568829
b0260,False,False,0.9999999999999939,5.995204332975845e-15
b2917,False,False,0.9999999999999939,5.995204332975845e-15
b3599,False,False,0.9999999999999939,5.995204332975845e-15
b1395,False,False,0.9999999999999939,5.995204332975845e-15
b2167,False,False,0.9999999999999939,5.995204332975845e-15
b4040,True,False,-9.767508140094997e-16,0.9823718127269802
b4322,False,False,0.9999999999999939,5.995204332975845e-15
b2169,False,False,0.9999999999999939,5.995204332975845e-15
b0784,True,False,-9.76750814009499e-16,0.9823718127269802
b0353,False,False,0.9999999999999939,5.995204332975845e-15
b1232,False,False,0.9999999999999939,5.995204332975845e-15
b0126,True,False,-3.009914822001649e-14,0.9823718127270087
b0339,True,False,-3.009914822001649e-14,0.9823718127270087
b0261,False,False,0.9999999999999939,5.995204332975845e-15
b3633,True,False,-1.7125541960720138e-14,0.982371812726996
b3624,False,False,0.9999999999999939,5.995204332975845e-15
b2801,False,False,0.9999999999999939,5.995204332975845e-15
b3917,True,False,-9.767508140094997e-16,0.9823718127269802
b0428,False,False,0.9999999999999939,5.995204332975845e-15
b3630,False,False,0.9999999999999939,5.995204332975845e-15
b1611,False,False,0.9189043812472412,0.07966604999836369
b3625,False,False,0.9999999999999939,5.995204332975845e-15
b3621,False,False,0.9999999999999939,5.995204332975845e-15
b0764,True,False,-9.767508140094997e-16,0.9823718127269802
b1612,False,False,0.9189043812472412,0.07966604999836369
b3620,False,False,0.9999999999999939,5.995204332975845e-15
b0621,False,False,0.9999999999999939,5.995204332975845e-15
b3632,False,False,0.9999999999999939,5.995204332975845e-15
b3623,False,False,0.9999999999999939,5.995204332975845e-15
b2423,True,False,-9.767508140094997e-16,0.9823718127269802
b0765,True,False,-9.767508140094997e-16,0.9823718127269802
b3730,True,False,1.1064682618184953e-15,0.982371812726978
b2424,True,False,-9.767508140094997e-16,0.9823718127269802
b2425,True,False,-9.767508140094997e-16,0.9823718127269802
b2104,False,False,0.9999999999999939,5.995204332975845e-15
b1002,False,False,0.9999999999999939,5.995204332975845e-15
b2388,False,False,0.9999999999999939,5.995204332975845e-15
b0763,True,False,-9.767508140094997e-16,0.9823718127269802
b2422,True,False,-9.767508140094997e-16,0.9823718127269802
b3789,False,False,0.9999999999999939,5.995204332975845e-15
b2877,False,False,0.9999999999999939,5.995204332975845e-15
b0394,False,False,0.9999999999999939,5.995204332975845e-15
b2039,False,False,0.9999999999999939,5.995204332975845e-15
b2020,True,False,-1.1706774736475848e-16,0.9823718127269793
b2022,True,False,-1.1706774736475848e-16,0.9823718127269793
b0134,True,False,6.4873461764207025e-12,0.9823718127206061
b0009,True,False,-9.76750814009499e-16,0.9823718127269802
b2519,True,False,3.3218927503004043e-16,0.9823718127269788
b1069,True,False,3.3218927503004043e-16,0.9823718127269788
b0154,True,False,4.72179883075277e-17,0.9823718127269792
b2514,False,False,0.9999999999999939,5.995204332975845e-15
b2533,False,False,0.9999999999999939,5.995204332975845e-15
b2309,False,False,0.9999999999999939,5.995204332975845e-15
b0112,False,False,0.9999999999999939,5.995204332975845e-15
b0785,True,False,-9.76750814009499e-16,0.9823718127269802
b0826,True,False,-9.767508140095003e-16,0.9823718127269802
b1008,False,False,0.9999999999999939,5.995204332975845e-15
b0349,False,False,0.9999999999999939,5.995204332975845e-15
b4055,False,False,0.9999999999999939,5.995204332975845e-15
b3805,True,False,-9.76750814009499e-16,0.9823718127269802
b0529,False,False,0.9881167972896021,0.011673723387615742
b4041,False,False,0.9999999999999939,5.995204332975845e-15
b3941,True,False,3.0095262205044036e-16,0.9823718127269788
b2418,False,False,0.9999999999999939,5.995204332975845e-15
b2103,True,False,-9.767508140095003e-16,0.9823718127269802
b1059,False,False,0.9999999999999939,5.995204332975845e-15
b3451,False,False,0.9999999999999939,5.995204332975845e-15
b3996,False,False,0.9999999999999939,5.995204332975845e-15
b3824,False,False,0.9999999999999939,5.995204332975845e-15
b3450,False,False,0.9999999999999939,5.995204332975845e-15
b0813,False,False,0.9999999999999939,5.995204332975845e-15
b0352,False,False,0.9999999999999939,5.995204332975845e-15
b2411,False,False,0.9999999999999939,5.995204332975845e-15
b3452,False,False,0.9999999999999939,5.995204332975845e-15
b1109,False,False,0.9999999999999939,5.995204332975845e-15
b3453,False,False,0.9999999999999939,5.995204332975845e-15
b2288,False,False,0.8892708448643185,0.10877720085236631
b0142,True,False,-9.767508140065928e-16,0.9823718127269802
b3608,True,False,5.930981860737182e-17,0.982371812726979
b0508,False,False,0.9999999999999939,5.995204332975845e-15
b3426,False,False,0.9999999999999939,5.995204332975845e-15
b0003,True,True,-5.221978099155051e-17,0.9823718127269792
b4013,True,False,-5.287304082944845e-16,0.9823718127269797
b2278,False,False,0.8892708448643185,0.10877720085236631
b2277,False,False,0.8892708448643185,0.10877720085236631
b2241,False,False,0.9999999999999939,5.995204332975845e-15
b2287,False,False,0.8892708448643185,0.10877720085236631
b2284,False,False,0.8892708448643185,0.10877720085236631
b2021,True,False,5.486812789719278e-16,0.9823718127269786
b2243,False,False,0.9999999999999939,5.995204332975845e-15
b2282,False,False,0.8892708448643185,0.10877720085236631
b2868,False,False,0.9999999999999939,5.995204332975845e-15
b2286,False,False,0.8892708448643185,0.10877720085236631
b2242,False,False,0.9999999999999939,5.995204332975845e-15
b2279,False,False,0.8892708448643185,0.10877720085236631
b2866,False,False,0.9999999999999939,5.995204332975845e-15
b0243,False,False,0.999083980241246,0.0008998719909009134
b2867,False,False,0.9999999999999939,5.995204332975845e-15
b2280,False,False,0.8892708448643185,0.10877720085236631
b0678,False,False,0.9999999999999939,5.995204332975845e-15
b0974,False,False,0.9999999999999939,5.995204332975845e-15
b1852,False,False,0.9930166267335323,0.006860269054729029
b2276,False,False,0.8892708448643185,0.10877720085236631
b3128,False,False,0.9999999999999939,5.995204332975845e-15
b2283,False,False,0.8892708448643185,0.10877720085236631
b2285,False,False,0.8892708448643185,0.10877720085236631
b2995,False,False,0.9999999999999939,5.995204332975845e-15
b2996,False,False,0.9999999999999939,5.995204332975845e-15
b2281,False,False,0.8892708448643185,0.10877720085236631
b4358,False,False,0.9999999999999939,5.995204332975845e-15
b2615,True,False,-1.0645429790091475e-12,0.982371812728025
b0973,False,False,0.9999999999999939,5.995204332975845e-15
b2997,False,False,0.9999999999999939,5.995204332975845e-15
b2994,False,False,0.9999999999999939,5.995204332975845e-15
b0972,False,False,0.9999999999999939,5.995204332975845e-15
b4478,False,False,0.9999999999999939,5.995204332975845e-15
b2530,True,False,-9.767508140094995e-16,0.9823718127269802
b2529,False,False,0.9999977270908543,2.232841877614078e-06
b4356,False,False,0.9999999999999939,5.995204332975845e-15
b3807,True,False,-9.76750814009499e-16,0.9823718127269802
b3028,False,False,0.9999999999999939,5.995204332975845e-15
b3691,False,False,0.9999999999999939,5.995204332975845e-15
b1740,True,False,-2.0908651892893862e-13,0.9823718127271845
b1603,False,False,0.9999999999999939,5.995204332975845e-15
b2528,False,False,0.9999977270908543,2.232841877614078e-06
b3127,False,False,0.9999999999999939,5.995204332975845e-15
b1136,True,False,-4.8712512965964407e-17,0.9823718127269792
b2789,False,False,0.9999999999999939,5.995204332975845e-15
b2265,False,False,0.9999999999999939,5.995204332975845e-15
b1602,False,False,0.9999999999999939,5.995204332975845e-15
b2045,False,False,0.9999999999999939,5.995204332975845e-15
b3962,False,False,0.9999999999999939,5.995204332975845e-15
b0931,False,False,0.9999999999999939,5.995204332975845e-15
b1186,False,False,0.9999999999999939,5.995204332975845e-15
b0593,False,False,0.9999999999999939,5.995204332975845e-15
b0595,False,False,0.9999999999999939,5.995204332975845e-15
b4015,False,False,0.9999999999999939,5.995204332975845e-15
b0019,False,False,0.9999999999999939,5.995204332975845e-15
b0757,False,False,0.9999999999999939,5.995204332975845e-15
b2518,True,False,1.4292012649090814e-15,0.9823718127269777
b0451,True,False,1.2847824624322507e-15,0.9823718127269779
b4267,False,False,0.9999999999999939,5.995204332975845e-15
b2025,True,False,-6.440359995541239e-16,0.9823718127269798
b2023,True,False,-6.440359995541239e-16,0.9823718127269798
b0756,False,False,0.9999999999999939,5.995204332975845e-15
b1262,True,False,-3.617650775319466e-17,0.9823718127269792
b2710,False,False,0.9999999999999939,5.995204332975845e-15
b4119,False,False,0.9999999999999939,5.995204332975845e-15
b2711,False,False,0.9999999999999939,5.995204332975845e-15
b3770,True,False,-1.354446725611178e-16,0.9823718127269793
b0026,False,False,0.9999999999999939,5.995204332975845e-15
b3628,False,False,0.9999999999999939,5.995204332975845e-15
b3476,False,False,0.9999999999999939,5.995204332975845e-15
b0401,False,False,0.9999999999999939,5.995204332975845e-15
b2093,False,False,0.9999999999999939,5.995204332975845e-15
b2508,False,False,0.9989901711810433,0.0009920273674224322
b3477,False,False,0.9999999999999939,5.995204332975845e-15
b3478,False,False,0.9999999999999939,5.995204332975845e-15
b3480,False,False,0.9999999999999939,5.995204332975845e-15
b2094,False,False,0.9999999999999939,5.995204332975845e-15
b3479,False,False,0.9999999999999939,5.995204332975845e-15
b2092,False,False,0.9999999999999939,5.995204332975845e-15
b4390,False,False,0.9999999999999939,5.995204332975845e-15
b3265,False,False,0.9999999999999939,5.995204332975845e-15
b3266,False,False,0.9999999999999939,5.995204332975845e-15
b3093,False,False,0.9999999999999939,5.995204332975845e-15
b0639,True,False,-2.0888968903270002e-13,0.9823718127271843
b0751,False,False,0.9999999999999939,5.995204332975845e-15
b3161,False,False,0.9999999999999939,5.995204332975845e-15
b1236,False,False,0.9999999999999939,5.995204332975845e-15
b1768,False,False,0.9999999999999939,5.995204332975845e-15
b4485,False,False,0.9999999999999939,5.995204332975845e-15
b1991,False,False,0.9999999999999939,5.995204332975845e-15
b3679,False,False,0.9999999999999939,5.995204332975845e-15
b4231,False,False,0.9999999999999939,5.995204332975845e-15
b0109,True,False,-2.0888968903270325e-13,0.9823718127271843
b4230,False,False,0.9999999999999939,5.995204332975845e-15
b2889,False,False,0.9999999999999939,5.995204332975845e-15
b2148,False,False,0.9999999999999939,5.995204332975845e-15
b0073,True,True,3.3056570478223894e-16,0.9823718127269788
b1223,False,False,0.9999999999999939,5.995204332975845e-15
b2150,False,False,0.9999999999999939,5.995204332975845e-15
b3367,False,False,0.9999999999999939,5.995204332975845e-15
b2149,False,False,0.9999999999999939,5.995204332975845e-15
b0072,True,True,5.708069773334849e-17,0.982371812726979
b0071,True,True,5.708069773334849e-17,0.982371812726979
b4227,False,False,0.9999999999999939,5.995204332975845e-15
b0074,True,True,2.8892163354491724e-16,0.9823718127269788
b2203,False,False,0.9999999999999939,5.995204332975845e-15
b2943,False,False,0.9999999999999939,5.995204332975845e-15
b2202,False,False,0.9999999999999939,5.995204332975845e-15
b2205,False,False,0.9999999999999939,5.995204332975845e-15
b0918,True,False,-6.521385640977178e-14,0.9823718127270432
b3198,True,False,-6.952330208600303e-14,0.9823718127270474
b2206,False,False,0.9999999999999939,5.995204332975845e-15
b0160,False,False,0.9999999999999939,5.995204332975845e-15
b2204,False,False,0.9999999999999939,5.995204332975845e-15
b1225,False,False,0.9999999999999939,5.995204332975845e-15
b1215,True,False,-2.5688312941080604e-14,0.9823718127270044
b4196,False,False,0.9999999999999939,5.995204332975845e-15
b3581,False,False,0.9999999999999939,5.995204332975845e-15
b0698,False,False,0.9999999999999939,5.995204332975845e-15
b1466,False,False,0.9999999999999939,5.995204332975845e-15
b1465,False,False,0.9999999999999939,5.995204332975845e-15
b1467,False,False,0.9999999999999939,5.995204332975845e-15
b0696,False,False,0.9999999999999939,5.995204332975845e-15
b3366,False,False,0.9999999999999939,5.995204332975845e-15
b0697,False,False,0.9999999999999939,5.995204332975845e-15
b4513,False,False,0.9999999999999939,5.995204332975845e-15
b1468,False,False,0.9999999999999939,5.995204332975845e-15
b1226,False,False,0.9999999999999939,5.995204332975845e-15
b3365,False,False,0.9999999999999939,5.995204332975845e-15
b1224,False,False,0.9999999999999939,5.995204332975845e-15
b4071,False,False,0.9999999999999939,5.995204332975845e-15
b1227,False,False,0.9999999999999939,5.995204332975845e-15
b1363,False,False,0.999393173714287,0.0005961290383061923
b4072,False,False,0.9999999999999939,5.995204332975845e-15
b3849,False,False,0.999393173714287,0.0005961290383061923
b1469,False,False,0.9999999999999939,5.995204332975845e-15
b3290,False,False,0.999393173714287,0.0005961290383061923
b4073,False,False,0.9999999999999939,5.995204332975845e-15
b2552,False,False,0.9999999999999939,5.995204332975845e-15
b2744,False,False,0.9999999999999939,5.995204332975845e-15
b4070,False,False,0.9999999999999939,5.995204332975845e-15
b1291,False,False,0.999393173714287,0.0005961290383061923
b2027,False,False,0.9999999999999939,5.995204332975845e-15
b1250,False,False,0.999393173714287,0.0005961290383061923
b4374,False,False,0.9999999999999939,5.995204332975845e-15
b2035,False,False,0.9999999999999939,5.995204332975845e-15
b2291,False,False,0.9999999999999939,5.995204332975845e-15
b2033,False,False,0.9999999999999939,5.995204332975845e-15
b0480,False,False,0.9999999999999939,5.995204332975845e-15
b2037,False,False,0.9999999999999939,5.995204332975845e-15
b2034,False,False,0.9999999999999939,5.995204332975845e-15
b2032,False,False,0.9999999999999939,5.995204332975845e-15
b4161,False,False,0.9999999999999939,5.995204332975845e-15
b2751,True,False,1.4909449628353192e-14,0.9823718127269645
b0902,False,False,0.9999999999999939,5.995204332975845e-15
b2752,True,False,1.4909449628353192e-14,0.9823718127269645
b2705,False,False,0.9999999999999939,5.995204332975845e-15
b0650,False,False,0.9999999999999939,5.995204332975845e-15
b4394,False,False,0.9999999999999939,5.995204332975845e-15
b0980,False,False,0.9999999999999939,5.995204332975845e-15
b2702,False,False,0.9999999999999939,5.995204332975845e-15
b2781,False,False,0.9999999999999939,5.995204332975845e-15
b2579,False,False,0.9999999999999939,5.995204332975845e-15
b2704,False,False,0.9999999999999939,5.995204332975845e-15
b2703,False,False,0.9999999999999939,5.995204332975845e-15
b3114,False,False,0.9999999999999939,5.995204332975845e-15
b2472,True,False,-5.2468669068378035e-16,0.9823718127269797
b2954,False,False,0.9999999999999939,5.995204332975845e-15
b0903,False,False,0.9999999999999939,5.995204332975845e-15
b0273,True,False,3.5733209833383934e-16,0.9823718127269788
b1759,False,False,0.9999999999999939,5.995204332975845e-15
b3591,False,False,0.9999999999999939,5.995204332975845e-15
b1764,False,False,0.9999999999999939,5.995204332975845e-15
b2264,False,False,0.9999999999999939,5.995204332975845e-15
b0586,False,False,0.9999999999999939,5.995204332975845e-15
b3607,True,False,1.4692896439977e-14,0.9823718127269647
b4254,True,False,3.5733209833383934e-16,0.9823718127269788
b3187,True,False,-9.76750814009499e-16,0.9823718127269802
b2366,False,False,0.9999999999999939,5.995204332975845e-15
b4471,False,False,0.9999999999999939,5.995204332975845e-15
b0907,True,False,-6.774295466825209e-16,0.9823718127269798
b0662,False,False,0.9999999999999939,5.995204332975845e-15
b2797,False,False,0.9999999999999939,5.995204332975845e-15
b1281,True,False,-7.67410896861322e-16,0.9823718127269799
b1814,False,False,0.9999999999999939,5.995204332975845e-15
b2907,False,False,0.9999999999999939,5.995204332975845e-15
b0893,False,False,0.9999999999999939,5.995204332975845e-15
b0350,False,False,0.9999999999999939,5.995204332975845e-15
b3116,False,False,0.9999999999999939,5.995204332975845e-15
b3843,True,False,-9.76750814009499e-16,0.9823718127269802
b2796,False,False,0.9999999999999939,5.995204332975845e-15
b2311,True,False,-9.76750814009499e-16,0.9823718127269802
b3835,False,False,0.999999768768346,2.2715545910934054e-07
b3089,False,False,0.9999999999999939,5.995204332975845e-15
b2965,False,False,0.9999999999999939,5.995204332975845e-15
b0355,False,False,0.9999999999999939,5.995204332975845e-15
b2154,False,False,0.9999999999999939,5.995204332975845e-15
b0693,False,False,0.9999999999999939,5.995204332975845e-15
b1744,False,False,0.9999999999999939,5.995204332975845e-15
b1746,False,False,0.9999999999999939,5.995204332975845e-15
b3642,True,False,-3.5331560773428793e-16,0.9823718127269795
b2263,False,False,0.9999999999999939,5.995204332975845e-15
b2373,False,False,0.9999999999999939,5.995204332975845e-15
b1387,False,False,0.9999999999999939,5.995204332975845e-15
b3368,True,False,-9.767508140095007e-16,0.9823718127269802
b1394,False,False,0.9999999999999939,5.995204332975845e-15
b1014,False,False,0.9999999999999939,5.995204332975845e-15
b3281,True,False,2.6493644868891517e-16,0.9823718127269789
b3390,True,False,-5.50070898017334e-16,0.9823718127269797
b0388,True,False,-5.50070898017334e-16,0.9823718127269797
b3939,True,False,-3.263512191623182e-18,0.9823718127269792
b0386,True,False,3.7147703715823406e-16,0.9823718127269788
b1388,False,False,0.9999999999999939,5.995204332975845e-15
b1981,False,False,0.9999999999999939,5.995204332975845e-15
b1389,False,False,0.9999999999999939,5.995204332975845e-15
b1206,False,False,0.9992160552197619,0.0007701252548404369
b1392,False,False,0.9999999999999939,5.995204332975845e-15
b1584,False,False,0.9999999999999939,5.995204332975845e-15
b1390,False,False,0.9999999999999939,5.995204332975845e-15
b1600,False,False,0.9999999999999939,5.995204332975845e-15
b1391,False,False,0.9999999999999939,5.995204332975845e-15
b1599,False,False,0.9999999999999939,5.995204332975845e-15
b3908,False,False,0.9999999999999939,5.995204332975845e-15
b1398,False,False,0.9999999999999939,5.995204332975845e-15
b1656,False,False,0.9999999999999939,5.995204332975845e-15
b1646,False,False,0.9999999999999939,5.995204332975845e-15
b1525,False,False,0.9999999999999939,5.995204332975845e-15
b0133,True,False,6.361813146892922e-12,0.9823718127207295
b1278,True,False,3.266588771642302e-16,0.9823718127269788
b2661,False,False,0.9999999999999939,5.995204332975845e-15
b2260,False,False,0.9999999999999939,5.995204332975845e-15
b0087,True,True,-2.5443700509309502e-17,0.9823718127269792
b2261,False,False,0.9999999999999939,5.995204332975845e-15
b2762,True,False,1.4740415803110977e-14,0.9823718127269647
b0722,False,False,0.9738584833354863,0.0256806891131508
b0723,False,False,0.9738584833354863,0.0256806891131508
b1489,False,False,0.9999999999999939,5.995204332975845e-15
b0724,False,False,0.9738584833354863,0.0256806891131508
b0721,False,False,0.9738584833354863,0.0256806891131508
b0115,False,False,0.9825887449506464,0.01710432618468527
b0729,False,False,0.9970560554033482,0.0028920481899806783
b0728,False,False,0.9970560554033482,0.0028920481899806783
b0114,False,False,0.9825887449506464,0.01710432618468527
b1521,False,False,0.9999999999999939,5.995204332975845e-15
b1638,False,False,0.9999999999999939,5.995204332975845e-15
b2464,False,False,0.9999999999999939,5.995204332975845e-15
b0052,True,True,-9.767508140094997e-16,0.9823718127269802
b0008,False,True,0.9999999999999939,5.995204332975845e-15
b3062,False,False,0.9999999999999939,5.995204332975845e-15
b2564,True,False,-9.767508140094997e-16,0.9823718127269802
b3061,False,False,0.9999999999999939,5.995204332975845e-15
b3063,False,False,0.9999999999999939,5.995204332975845e-15
b0368,False,False,0.9999999999999939,5.995204332975845e-15
b0766,False,False,0.9999999999999939,5.995204332975845e-15
b3790,False,False,0.9999999999999939,5.995204332975845e-15
b3791,False,False,0.9999999999999939,5.995204332975845e-15
b2320,True,False,-9.767508140095007e-16,0.9823718127269802
b2038,False,False,0.9999999999999939,5.995204332975845e-15
b3546,False,False,0.9999999999999939,5.995204332975845e-15
b2040,False,False,0.9999999999999939,5.995204332975845e-15
b2041,False,False,0.9999999999999939,5.995204332975845e-15
b3916,False,False,0.9927500006213691,0.007122195031855072
b3788,False,False,0.9999999999999939,5.995204332975845e-15
b1723,False,False,0.9999999999999947,5.218048215738236e-15
b0915,True,False,-1.712554196072001e-14,0.982371812726996
b3951,False,False,0.9999999999999939,5.995204332975845e-15
b3137,False,False,0.9999999999999939,5.995204332975845e-15
b3132,False,False,0.9999999999999939,5.995204332975845e-15
b2095,False,False,0.9999999999999939,5.995204332975845e-15
b3952,False,False,0.9999999999999939,5.995204332975845e-15
b2096,False,False,0.9999999999999939,5.995204332975845e-15
b3176,True,False,1.091802173710841e-15,0.982371812726978
b2913,False,False,0.9779046845884932,0.02170581505357627
b0166,True,False,-8.707096675237745e-17,0.9823718127269793
b4025,False,False,0.993645495166511,0.0062424864322568885
b2480,False,False,0.9999999999999939,5.995204332975845e-15
b0068,False,True,0.9999999999999939,5.995204332975845e-15
b2926,False,False,0.8714220725868174,0.1263113316295662
b0066,False,True,0.9999999999999939,5.995204332975845e-15
b0767,False,False,0.993016626733532,0.006860269054729362
b0067,False,True,0.9999999999999939,5.995204332975845e-15
b3385,False,False,0.9999999999999939,5.995204332975845e-15
b3616,False,False,0.9999999999999939,5.995204332975845e-15
b3772,True,False,3.400686027111203e-16,0.9823718127269788
b4395,False,False,0.9211768578905274,0.07743363299891892
b3117,True,False,3.400686027111203e-16,0.9823718127269788
b0755,False,False,0.9211768578905274,0.07743363299891892
b3612,False,False,0.9211768578905274,0.07743363299891892
b1719,False,False,0.9999999999999939,5.995204332975845e-15
b3823,False,False,0.9999999999999939,5.995204332975845e-15
b2690,False,False,0.9999999999999939,5.995204332975845e-15
b3992,True,False,-9.767508140095007e-16,0.9823718127269802
b0688,False,False,0.9999999999999939,5.995204332975845e-15
b0418,False,False,0.9999999999999939,5.995204332975845e-15
b3990,True,False,-9.767508140095007e-16,0.9823718127269802
b1912,False,False,0.9999999999999939,5.995204332975845e-15
b0423,True,False,-9.767508140095007e-16,0.9823718127269802
b4407,True,False,-9.767508140095007e-16,0.9823718127269802
b2198,False,False,0.9999999999999939,5.995204332975845e-15
b2200,False,False,0.9999999999999939,5.995204332975845e-15
b2201,False,False,0.9999999999999939,5.995204332975845e-15
b2935,True,False,-1.273147808946774e-17,0.9823718127269792
b2199,False,False,0.9999999999999939,5.995204332975845e-15
b2197,False,False,0.9999999999999939,5.995204332975845e-15
b2465,True,False,-1.273147808946774e-17,0.9823718127269792
b1713,False,False,0.9999999999999939,5.995204332975845e-15
b1714,False,False,0.9999999999999939,5.995204332975845e-15
b0576,False,False,0.9999999999999939,5.995204332975845e-15
b0996,False,False,0.9999999999999939,5.995204332975845e-15
b0997,False,False,0.9999999999999939,5.995204332975845e-15
b1473,False,False,0.9999999999999939,5.995204332975845e-15
b3493,False,False,0.9970082607559153,0.0029390003044179602
b2827,True,False,5.872350454103037e-16,0.9823718127269786
b1106,False,False,0.9999999999999939,5.995204332975845e-15
b2987,False,False,0.9970082607559153,0.0029390003044179602
b0417,True,False,-9.767508140095003e-16,0.9823718127269802
b3993,True,False,-9.767508140095003e-16,0.9823718127269802
b3725,False,False,0.9999999999999939,5.995204332975845e-15
b3919,False,False,0.9640479378695342,0.03531829244637863
b3726,False,False,0.9999999999999939,5.995204332975845e-15
b0613,False,False,0.9999999999999939,5.995204332975845e-15
b3727,False,False,0.9999999999999939,5.995204332975845e-15
b0888,False,False,0.9999999999999936,6.328271240363392e-15
b3728,False,False,0.9999999999999939,5.995204332975845e-15
b4239,False,False,0.9999999999999939,5.995204332975845e-15
b3821,False,False,0.9999999999999939,5.995204332975845e-15
b2048,False,False,0.9999999999999939,5.995204332975845e-15
b1897,False,False,0.9999999999999939,5.995204332975845e-15
b3412,True,False,-9.767508140095049e-16,0.9823718127269802
b1896,False,False,0.9999999999999939,5.995204332975845e-15
b3974,True,False,6.4615862330030984e-12,0.9823718127206315
b3519,False,False,0.9999999999999939,5.995204332975845e-15
b1197,False,False,0.9999999999999939,5.995204332975845e-15
b4240,False,False,0.9999999999999939,5.995204332975845e-15
b3258,False,False,0.9999999999999939,5.995204332975845e-15
b1010,False,False,0.9999999999999939,5.995204332975845e-15
b1260,True,False,-3.617650775319466e-17,0.9823718127269792
b1378,False,False,0.9998872431921012,0.00011076910977281251
b1261,True,False,-3.617650775319466e-17,0.9823718127269792
b0871,False,False,0.9999999999999939,5.995204332975845e-15
b3384,False,False,0.9999999999999939,5.995204332975845e-15
b3709,False,False,0.9999999999999939,5.995204332975845e-15
b4226,False,False,0.9999999999999939,5.995204332975845e-15
b3125,False,False,0.9999999999999939,5.995204332975845e-15
b0509,False,False,0.9999999999999939,5.995204332975845e-15
b2502,False,False,0.9999999999999939,5.995204332975845e-15
b3991,True,False,-9.767508140094997e-16,0.9823718127269802
b1015,False,False,0.9999999999999939,5.995204332975845e-15
b1637,False,False,0.9999999999999939,5.995204332975845e-15
b0369,True,False,-9.767508140095007e-16,0.9823718127269802
b1907,False,False,0.9999999999999939,5.995204332975845e-15
b3956,False,False,0.9969407893427265,0.003005282318899516
b0179,True,False,-1.7125541960720088e-14,0.982371812726996
b3639,True,False,6.392216933311986e-12,0.9823718127206996
b3403,False,False,0.9999999999999939,5.995204332975845e-15
b0085,True,True,3.414948461816031e-16,0.9823718127269788
b3787,False,False,0.9999999999999939,5.995204332975845e-15
b2920,False,False,0.9999999999999939,5.995204332975845e-15
b3786,False,False,0.9999999999999939,5.995204332975845e-15
b0181,True,False,-1.7125541960720078e-14,0.982371812726996
b2501,False,False,0.9856764745162208,0.014071027694141258
b3189,True,False,-3.2369219951119135e-17,0.9823718127269792
b4383,False,False,0.9999999999998767,1.2112533198660458e-13
b3380,False,False,0.9999999999998767,1.2112533198660458e-13
b0090,True,True,-2.5443700509309502e-17,0.9823718127269792
b0088,True,True,5.579327116327072e-16,0.9823718127269786
b0091,True,True,1.0688339775212517e-16,0.982371812726979
b3972,True,False,-1.0463467238426369e-16,0.9823718127269793
b3850,True,False,-9.76750814009499e-16,0.9823718127269802
b3057,True,False,3.266588771642302e-16,0.9823718127269788
b0841,True,False,3.266588771642302e-16,0.9823718127269788
b2536,False,False,0.9999999999999939,5.995204332975845e-15
b0174,True,False,-9.767508140095049e-16,0.9823718127269802
b1702,False,False,0.9999999999999939,5.995204332975845e-15
b0759,False,False,0.9999999999999939,5.995204332975845e-15
b0383,False,False,0.9999999999999939,5.995204332975845e-15
b2036,False,False,0.9999999999999939,5.995204332975845e-15
b4005,True,False,-3.874255858124819e-14,0.9823718127270172
b2028,False,False,0.9999999999999939,5.995204332975845e-15
b2255,False,False,0.9999999999999939,5.995204332975845e-15
b2499,True,False,-3.7651294154798936e-14,0.9823718127270161
b2253,False,False,0.9999999999999939,5.995204332975845e-15
b2026,True,False,5.897148432260318e-17,0.982371812726979
b0758,False,False,0.9999999999999939,5.995204332975845e-15
b2476,True,False,-3.847679913267916e-14,0.9823718127270169
b2557,True,False,-3.734454357278988e-14,0.9823718127270158
b0505,False,False,0.9999999999999939,5.995204332975845e-15
b2024,True,False,-9.870889735926829e-17,0.9823718127269793
b0086,True,True,5.579327116327072e-16,0.9823718127269786
b0194,False,False,0.9999999999999939,5.995204332975845e-15
b0096,True,True,-1.7125541960720078e-14,0.982371812726996
b2258,False,False,0.9999999999999939,5.995204332975845e-15
b4544,False,False,0.9999999999999939,5.995204332975845e-15
b1207,False,False,0.9999999999999939,5.995204332975845e-15
b0908,True,False,9.548804611439167e-16,0.9823718127269783
b4233,False,False,0.9999999999999939,5.995204332975845e-15
b4160,True,False,-1.272802589925589e-16,0.9823718127269793
b0171,True,False,1.4097675812071517e-15,0.9823718127269778
b2256,False,False,0.9999999999999939,5.995204332975845e-15
b4388,False,False,0.9779046845885494,0.021705815053521094
b2254,False,False,0.9999999999999939,5.995204332975845e-15
b2585,True,False,3.980542067032811e-16,0.9823718127269787
b3803,True,False,-9.767508140095003e-16,0.9823718127269802
b3804,True,False,-9.76750814009499e-16,0.9823718127269802
b2297,False,False,0.9999999999999939,5.995204332975845e-15
b2458,False,False,0.9999999999999939,5.995204332975845e-15
b3997,True,False,-9.767508140095003e-16,0.9823718127269802
b3634,True,False,6.705040212280252e-12,0.9823718127203923
b2498,False,False,0.9999999999999939,5.995204332975845e-15
b0692,False,False,0.9999999999999939,5.995204332975845e-15
b1011,False,False,0.9999999999999939,5.995204332975845e-15
b3073,False,False,0.9999999999999939,5.995204332975845e-15
b2497,False,False,0.9999999999999939,5.995204332975845e-15
b1006,False,False,0.9999999999999939,5.995204332975845e-15
b0517,False,False,0.9999999999999939,5.995204332975845e-15
b1124,False,False,0.9999999999999939,5.995204332975845e-15
b0524,True,False,-1.7125541960720088e-14,0.982371812726996
b1123,False,False,0.9999999999999939,5.995204332975845e-15
b4258,False,False,0.9999999999999939,5.995204332975845e-15
b0857,False,False,0.9999999999999939,5.995204332975845e-15
b2682,False,False,0.9999999999999939,5.995204332975845e-15
b1442,False,False,0.9999999999999939,5.995204332975845e-15
b2683,False,False,0.9999999999999939,5.995204332975845e-15
b1443,False,False,0.9999999999999939,5.995204332975845e-15
b0856,False,False,0.9999999999999939,5.995204332975845e-15
b3572,False,False,0.9999999999999939,5.995204332975845e-15
b1441,False,False,0.9999999999999939,5.995204332975845e-15
b4197,False,False,0.9999999999999939,5.995204332975845e-15
b0855,False,False,0.9999999999999939,5.995204332975845e-15
b2882,False,False,0.9999999999999939,5.995204332975845e-15
b1126,False,False,0.9999999999999939,5.995204332975845e-15
b3565,False,False,0.9999999999999939,5.995204332975845e-15
b3579,False,False,0.9999999999999939,5.995204332975845e-15
b0854,False,False,0.9999999999999939,5.995204332975845e-15
b3578,False,False,0.9999999999999939,5.995204332975845e-15
b1440,False,False,0.9999999999999939,5.995204332975845e-15
b3577,False,False,0.9999999999999939,5.995204332975845e-15
b1125,False,False,0.9999999999999939,5.995204332975845e-15
b3567,False,False,0.9999999999999939,5.995204332975845e-15
b1296,False,False,0.9999999999999939,5.995204332975845e-15
b3566,False,False,0.9999999999999939,5.995204332975845e-15
b2407,False,False,0.9999999999999939,5.995204332975845e-15
b3568,False,False,0.9999999999999939,5.995204332975845e-15
b4031,False,False,0.9999999999999939,5.995204332975845e-15
b1636,False,False,0.9999999999999939,5.995204332975845e-15
b3826,False,False,0.9999999999999939,5.995204332975845e-15
b1858,False,False,0.9999999999999939,5.995204332975845e-15
b1676,False,False,0.9999999999999939,5.995204332975845e-15
b1859,False,False,0.9999999999999939,5.995204332975845e-15
b1857,False,False,0.9999999999999939,5.995204332975845e-15
b1854,False,False,0.9999999999999939,5.995204332975845e-15
b3831,False,False,0.9999999999999939,5.995204332975845e-15
b1012,False,False,0.9999999999999939,5.995204332975845e-15
b1007,False,False,0.9999999999999939,5.995204332975845e-15
b3029,False,False,0.9999999999999939,5.995204332975845e-15
b1692,True,False,2.6493644868891517e-16,0.9823718127269789
b0750,True,False,-2.0888968903270317e-13,0.9823718127271843
b4094,False,False,0.9999999999999947,5.218048215738236e-15
b1662,True,False,-9.76750814009499e-16,0.9823718127269802
b0415,True,False,-9.76750814009499e-16,0.9823718127269802
b3752,False,False,0.9999999999999939,5.995204332975845e-15
b0063,False,True,0.9999999999999939,5.995204332975845e-15
b0061,False,True,0.9999999999999939,5.995204332975845e-15
b4198,False,False,0.9999999999999939,5.995204332975845e-15
b3583,False,False,0.9999999999999939,5.995204332975845e-15
b3629,False,False,0.9999999999999939,5.995204332975845e-15
b2687,True,False,-9.767508140095003e-16,0.9823718127269802
b3749,False,False,0.9999999999999939,5.995204332975845e-15
b3750,False,False,0.9999999999999939,5.995204332975845e-15
b3751,False,False,0.9999999999999939,5.995204332975845e-15
b3748,False,False,0.9999999999999939,5.995204332975845e-15
b3904,False,False,0.9999999999999939,5.995204332975845e-15
b3902,False,False,0.9999999999999939,5.995204332975845e-15
b2234,False,False,0.9999999999999939,5.995204332975845e-15
b2235,False,False,0.9999999999999939,5.995204332975845e-15
b2676,False,False,0.9999999999999939,5.995204332975845e-15
b2675,False,False,0.9999999999999939,5.995204332975845e-15
b4238,False,False,0.9998897198258849,0.0001083361345532996
b4237,False,False,0.9998897198258849,0.0001083361345532996
b3386,False,False,0.9949631068029857,0.004948101900463131
b4301,False,False,0.9949631068029857,0.004948101900463131
b2914,False,False,0.3404395779311741,0.6479335674307241
b0638,False,False,0.9999999999999939,5.995204332975845e-15
b1679,False,False,0.9999999999999939,5.995204332975845e-15
b1682,False,False,0.9999999999999939,5.995204332975845e-15
b1681,False,False,0.9999999999999939,5.995204332975845e-15
b1680,False,False,0.9999999999999939,5.995204332975845e-15
b1683,False,False,0.9999999999999939,5.995204332975845e-15
b1684,False,False,0.9999999999999939,5.995204332975845e-15
b0222,False,False,0.9999999999999939,5.995204332975845e-15
b1745,False,False,0.9999999999999939,5.995204332975845e-15
